Resolucao,Kernel,Iteracoes,Modo,Tempo
512,5,100,Serial,0.440076
512,5,100,CUDA,0.005295
512,5,500,Serial,2.144573
512,5,500,CUDA,0.026290
512,5,1000,Serial,4.233160
512,5,1000,CUDA,0.052534
1024,5,100,Serial,1.718208
1024,5,100,CUDA,0.019887
1024,5,500,Serial,8.476363
1024,5,500,CUDA,0.099237
1024,5,1000,Serial,17.248028
1024,5,1000,CUDA,0.198441
2048,5,100,Serial,6.799840
2048,5,100,CUDA,0.078631
2048,5,500,Serial,34.292400
2048,5,500,CUDA,0.375658
2048,5,1000,Serial,68.481080
2048,5,1000,CUDA,0.683238
4096,5,100,Serial,27.518271
4096,5,100,CUDA,0.308885
4096,5,500,Serial,136.367521
4096,5,500,CUDA,1.282534
4096,5,1000,Serial,272.998328
4096,5,1000,CUDA,2.504931
512,3,100,Serial,0.173296
512,3,100,CUDA,0.002078
512,3,500,Serial,0.864755
512,3,500,CUDA,0.010201
512,3,1000,Serial,1.735510
512,3,1000,CUDA,0.021947
1024,3,100,Serial,0.699964
1024,3,100,CUDA,0.007277
1024,3,500,Serial,3.466574
1024,3,500,CUDA,0.036176
1024,3,1000,Serial,6.891052
1024,3,1000,CUDA,0.072339
2048,3,100,Serial,2.812536
2048,3,100,CUDA,0.028818
2048,3,500,Serial,14.075550
2048,3,500,CUDA,0.143952
2048,3,1000,Serial,27.861631
2048,3,1000,CUDA,0.287895
4096,3,100,Serial,11.115513
4096,3,100,CUDA,0.114494
4096,3,500,Serial,55.541186
4096,3,500,CUDA,0.573080
4096,3,1000,Serial,111.493906
4096,3,1000,CUDA,1.146906
512,3,100,Serial,0.172679
512,3,100,CUDA,0.002081
512,3,500,Serial,0.866974
512,3,500,CUDA,0.010758
512,3,1000,Serial,1.716379
512,3,1000,CUDA,0.020782
1024,3,100,Serial,0.694966
1024,3,100,CUDA,0.007273
1024,3,500,Serial,3.478361
1024,3,500,CUDA,0.036203
1024,3,1000,Serial,6.877234
1024,3,1000,CUDA,0.072389
2048,3,100,Serial,2.815391
2048,3,100,CUDA,0.028826
2048,3,500,Serial,13.670699
2048,3,500,CUDA,0.143967
2048,3,1000,Serial,27.803975
2048,3,1000,CUDA,0.287916
4096,3,100,Serial,11.218489
4096,3,100,CUDA,0.114503
4096,3,500,Serial,55.427355
4096,3,500,CUDA,0.572839
4096,3,1000,Serial,111.158628
4096,3,1000,CUDA,1.146859
512,5,100,Serial,0.423979
512,5,100,CUDA,0.005291
512,5,500,Serial,2.146021
512,5,500,CUDA,0.026275
512,5,1000,Serial,4.180374
512,5,1000,CUDA,0.052504
1024,5,100,Serial,1.685725
1024,5,100,CUDA,0.019885
1024,5,500,Serial,8.544734
1024,5,500,CUDA,0.099238
1024,5,1000,Serial,16.920229
1024,5,1000,CUDA,0.198427
2048,5,100,Serial,6.825475
2048,5,100,CUDA,0.078620
2048,5,500,Serial,33.942247
2048,5,500,CUDA,0.371647
2048,5,1000,Serial,69.046244
2048,5,1000,CUDA,0.679363
4096,5,100,Serial,27.182043
4096,5,100,CUDA,0.310087
4096,5,500,Serial,136.105808
4096,5,500,CUDA,1.280251
4096,5,1000,Serial,272.229088
4096,5,1000,CUDA,2.502860
512,3,100,Serial,0.172737
512,3,100,CUDA,0.002080
512,3,500,Serial,0.852099
512,3,500,CUDA,0.010196
512,3,1000,Serial,1.703984
512,3,1000,CUDA,0.020394
1024,3,100,Serial,0.698079
1024,3,100,CUDA,0.007278
1024,3,500,Serial,3.466445
1024,3,500,CUDA,0.036213
1024,3,1000,Serial,6.898804
1024,3,1000,CUDA,0.072331
2048,3,100,Serial,2.803617
2048,3,100,CUDA,0.028822
2048,3,500,Serial,14.115832
2048,3,500,CUDA,0.143939
2048,3,1000,Serial,29.549298
2048,3,1000,CUDA,0.287897
4096,3,100,Serial,11.191456
4096,3,100,CUDA,0.114508
4096,3,500,Serial,56.155760
4096,3,500,CUDA,0.572779
4096,3,1000,Serial,111.313564
4096,3,1000,CUDA,1.146342
512,5,100,Serial,0.421924
512,5,100,CUDA,0.005293
512,5,500,Serial,2.123694
512,5,500,CUDA,0.026270
512,5,1000,Serial,4.168303
512,5,1000,CUDA,0.052431
1024,5,100,Serial,1.686277
1024,5,100,CUDA,0.019885
1024,5,500,Serial,8.494986
1024,5,500,CUDA,0.099238
1024,5,1000,Serial,16.965441
1024,5,1000,CUDA,0.198445
2048,5,100,Serial,6.873220
2048,5,100,CUDA,0.078634
2048,5,500,Serial,34.371808
2048,5,500,CUDA,0.360543
2048,5,1000,Serial,67.904506
2048,5,1000,CUDA,0.680022
4096,5,100,Serial,27.391036
4096,5,100,CUDA,0.308312
4096,5,500,Serial,136.036147
4096,5,500,CUDA,1.280594
4096,5,1000,Serial,271.508174
4096,5,1000,CUDA,2.504326
512,3,100,Serial,0.174913
512,3,100,CUDA,0.002082
512,3,500,Serial,0.877504
512,3,500,CUDA,0.010822
512,3,1000,Serial,1.750740
512,3,1000,CUDA,0.020396
1024,3,100,Serial,0.707529
1024,3,100,CUDA,0.007277
1024,3,500,Serial,3.501900
1024,3,500,CUDA,0.036211
1024,3,1000,Serial,6.900006
1024,3,1000,CUDA,0.072269
2048,3,100,Serial,2.817792
2048,3,100,CUDA,0.028814
2048,3,500,Serial,14.036436
2048,3,500,CUDA,0.143948
2048,3,1000,Serial,27.956893
2048,3,1000,CUDA,0.287951
4096,3,100,Serial,11.277428
4096,3,100,CUDA,0.114494
4096,3,500,Serial,56.009925
4096,3,500,CUDA,0.572966
4096,3,1000,Serial,110.687343
4096,3,1000,CUDA,1.146557
