Resolucao,Kernel,Iteracoes,BlockSize,Repeticao,Tempo,Occupancy
512,3,100,8,1,0.002126,86.47
512,3,100,8,2,0.002273,85.82
512,3,100,8,3,0.002079,86.45
512,3,100,16,1,0.002097,86.33
512,3,100,16,2,0.002078,86.59
512,3,100,16,3,0.002075,86.57
512,3,100,32,1,0.002640,61.01
512,3,100,32,2,0.002584,61.02
512,3,100,32,3,0.002560,61.14
512,3,500,8,1,0.010366,86.27
512,3,500,8,2,0.010285,85.93
512,3,500,8,3,0.010829,86.43
512,3,500,16,1,0.010439,86.18
512,3,500,16,2,0.010784,86.30
512,3,500,16,3,0.010437,86.26
512,3,500,32,1,0.012639,61.03
512,3,500,32,2,0.013008,61.01
512,3,500,32,3,0.012614,61.02
512,3,1000,8,1,0.021631,86.01
512,3,1000,8,2,0.021393,85.96
512,3,1000,8,3,0.020868,86.07
512,3,1000,16,1,0.022402,86.03
512,3,1000,16,2,0.021673,86.26
512,3,1000,16,3,0.020403,86.21
512,3,1000,32,1,0.026040,61.05
512,3,1000,32,2,0.025809,61.03
512,3,1000,32,3,0.027740,61.04
512,5,100,8,1,0.005933,90.48
512,5,100,8,2,0.006204,90.56
512,5,100,8,3,0.005974,90.52
512,5,100,16,1,0.005345,88.69
512,5,100,16,2,0.005938,88.69
512,5,100,16,3,0.006116,88.71
512,5,100,32,1,0.006134,63.03
512,5,100,32,2,0.006214,63.00
512,5,100,32,3,0.006130,63.12
512,5,500,8,1,0.027158,90.42
512,5,500,8,2,0.027014,90.45
512,5,500,8,3,0.027357,90.53
512,5,500,16,1,0.026970,88.74
512,5,500,16,2,0.027690,88.77
512,5,500,16,3,0.026260,88.65
512,5,500,32,1,0.031768,63.08
512,5,500,32,2,0.031131,63.15
512,5,500,32,3,0.031560,63.00
512,5,1000,8,1,0.053707,90.57
512,5,1000,8,2,0.053845,90.34
512,5,1000,8,3,0.053282,90.59
512,5,1000,16,1,0.053801,88.71
512,5,1000,16,2,0.053553,88.70
512,5,1000,16,3,0.054620,88.66
512,5,1000,32,1,0.062263,63.08
512,5,1000,32,2,0.062600,63.02
512,5,1000,32,3,0.062605,63.07
1024,3,100,8,1,0.007336,90.59
1024,3,100,8,2,0.007295,89.76
1024,3,100,8,3,0.007342,90.75
1024,3,100,16,1,0.007276,87.22
1024,3,100,16,2,0.007330,86.85
1024,3,100,16,3,0.007271,87.30
1024,3,100,32,1,0.009600,60.43
1024,3,100,32,2,0.008652,60.55
1024,3,100,32,3,0.008842,60.43
1024,3,500,8,1,0.037035,90.00
1024,3,500,8,2,0.037379,88.53
1024,3,500,8,3,0.037028,90.66
1024,3,500,16,1,0.037249,87.30
1024,3,500,16,2,0.036949,86.98
1024,3,500,16,3,0.037307,87.22
1024,3,500,32,1,0.043536,60.21
1024,3,500,32,2,0.045577,60.49
1024,3,500,32,3,0.044833,60.34
1024,3,1000,8,1,0.074132,89.72
1024,3,1000,8,2,0.071219,90.55
1024,3,1000,8,3,0.070984,90.95
1024,3,1000,16,1,0.074571,87.13
1024,3,1000,16,2,0.073832,87.18
1024,3,1000,16,3,0.073565,86.91
1024,3,1000,32,1,0.079746,60.45
1024,3,1000,32,2,0.077412,60.50
1024,3,1000,32,3,0.078389,60.47
1024,5,100,8,1,0.017186,94.22
1024,5,100,8,2,0.017175,94.18
1024,5,100,8,3,0.021108,94.10
1024,5,100,16,1,0.020605,91.11
1024,5,100,16,2,0.020787,91.17
1024,5,100,16,3,0.020638,91.14
1024,5,100,32,1,0.021790,63.09
1024,5,100,32,2,0.021587,63.09
1024,5,100,32,3,0.021790,63.01
1024,5,500,8,1,0.101815,94.12
1024,5,500,8,2,0.093828,93.99
1024,5,500,8,3,0.079450,94.07
1024,5,500,16,1,0.078920,91.21
1024,5,500,16,2,0.078953,91.25
1024,5,500,16,3,0.078800,91.17
1024,5,500,32,1,0.086027,63.09
1024,5,500,32,2,0.085621,63.07
1024,5,500,32,3,0.085963,63.08
1024,5,1000,8,1,0.159495,94.15
1024,5,1000,8,2,0.159543,94.15
1024,5,1000,8,3,0.159676,94.13
1024,5,1000,16,1,0.157660,91.19
1024,5,1000,16,2,0.158691,91.13
1024,5,1000,16,3,0.157818,91.26
1024,5,1000,32,1,0.172128,63.06
1024,5,1000,32,2,0.171276,63.04
1024,5,1000,32,3,0.171465,63.05
2048,3,100,8,1,0.033386,89.16
2048,3,100,8,2,0.028983,88.32
2048,3,100,8,3,0.029027,89.25
2048,3,100,16,1,0.029634,82.06
2048,3,100,16,2,0.029603,82.95
2048,3,100,16,3,0.029610,82.78
2048,3,100,32,1,0.038405,58.85
2048,3,100,32,2,0.037720,58.74
2048,3,100,32,3,0.037780,58.26
2048,3,500,8,1,0.144629,89.32
2048,3,500,8,2,0.143811,89.47
2048,3,500,8,3,0.143632,88.96
2048,3,500,16,1,0.147947,82.34
2048,3,500,16,2,0.147372,82.59
2048,3,500,16,3,0.147122,82.99
2048,3,500,32,1,0.178898,58.49
2048,3,500,32,2,0.169976,58.73
2048,3,500,32,3,0.170304,58.82
2048,3,1000,8,1,0.287870,88.64
2048,3,1000,8,2,0.287660,89.02
2048,3,1000,8,3,0.288878,89.24
2048,3,1000,16,1,0.294895,81.99
2048,3,1000,16,2,0.294902,82.87
2048,3,1000,16,3,0.294844,82.94
2048,3,1000,32,1,0.340110,58.95
2048,3,1000,32,2,0.339731,58.94
2048,3,1000,32,3,0.339881,58.25
2048,5,100,8,1,0.063184,94.70
2048,5,100,8,2,0.063075,94.65
2048,5,100,8,3,0.071624,94.72
2048,5,100,16,1,0.077927,91.48
2048,5,100,16,2,0.075698,91.47
2048,5,100,16,3,0.067496,91.37
2048,5,100,32,1,0.086340,63.13
2048,5,100,32,2,0.076825,63.13
2048,5,100,32,3,0.077144,63.10
2048,5,500,8,1,0.324238,94.56
2048,5,500,8,2,0.315196,94.64
2048,5,500,8,3,0.314087,94.73
2048,5,500,16,1,0.313723,91.54
2048,5,500,16,2,0.313481,91.42
2048,5,500,16,3,0.313450,91.40
2048,5,500,32,1,0.338990,63.15
2048,5,500,32,2,0.347739,63.14
2048,5,500,32,3,0.338018,63.15
2048,5,1000,8,1,0.630144,94.91
2048,5,1000,8,2,0.630080,94.70
2048,5,1000,8,3,0.637605,94.73
2048,5,1000,16,1,0.625802,91.51
2048,5,1000,16,2,0.626465,91.52
2048,5,1000,16,3,0.626413,91.31
2048,5,1000,32,1,0.677217,63.15
2048,5,1000,32,2,0.676953,63.15
2048,5,1000,32,3,0.677063,63.15
4096,3,100,8,1,0.114449,83.46
4096,3,100,8,2,0.114664,83.76
4096,3,100,8,3,0.114390,83.40
4096,3,100,16,1,0.134265,77.33
4096,3,100,16,2,0.115987,77.21
4096,3,100,16,3,0.116018,77.42
4096,3,100,32,1,0.134395,56.46
4096,3,100,32,2,0.134617,56.60
4096,3,100,32,3,0.134590,56.50
4096,3,500,8,1,0.572597,83.67
4096,3,500,8,2,0.572842,83.52
4096,3,500,8,3,0.573313,83.71
4096,3,500,16,1,0.579494,77.04
4096,3,500,16,2,0.581049,77.44
4096,3,500,16,3,0.579965,77.48
4096,3,500,32,1,0.674651,56.58
4096,3,500,32,2,0.674634,56.56
4096,3,500,32,3,0.672811,56.48
4096,3,1000,8,1,1.142297,83.30
4096,3,1000,8,2,1.144842,83.34
4096,3,1000,8,3,1.144198,83.26
4096,3,1000,16,1,1.160299,77.39
4096,3,1000,16,2,1.160863,77.42
4096,3,1000,16,3,1.161585,77.45
4096,3,1000,32,1,1.364374,56.46
4096,3,1000,32,2,1.348110,56.51
4096,3,1000,32,3,1.348152,56.42
4096,5,100,8,1,0.250815,93.97
4096,5,100,8,2,0.251729,93.74
4096,5,100,8,3,0.252137,93.79
4096,5,100,16,1,0.250171,90.37
4096,5,100,16,2,0.249500,90.11
4096,5,100,16,3,0.249907,90.25
4096,5,100,32,1,0.270500,63.15
4096,5,100,32,2,0.269196,63.13
4096,5,100,32,3,0.274150,63.16
4096,5,500,8,1,1.273092,93.81
4096,5,500,8,2,1.272268,94.13
4096,5,500,8,3,1.273357,93.88
4096,5,500,16,1,1.255465,90.36
4096,5,500,16,2,1.254951,90.19
4096,5,500,16,3,1.251178,90.25
4096,5,500,32,1,1.353072,63.16
4096,5,500,32,2,1.353336,63.15
4096,5,500,32,3,1.352223,63.16
4096,5,1000,8,1,2.552045,94.43
4096,5,1000,8,2,2.541044,93.83
4096,5,1000,8,3,2.558137,94.09
4096,5,1000,16,1,2.514874,90.11
4096,5,1000,16,2,2.511792,90.14
4096,5,1000,16,3,2.511270,90.33
4096,5,1000,32,1,2.702711,63.15
4096,5,1000,32,2,2.706494,63.16
4096,5,1000,32,3,2.707418,63.16
